{
  "type":"brc-20",//'erc-20' | 'brc-20' | 'brc-20-lucky'
  "id":"banana",
  "pool_type":"public",
  "contract_address":"",
  "title":"BANANA",
  "summary":"BANANA is the First Community-driven Asset Launchpad on Bitcoin，providing full-process asset management tools and services based on the BTC ecosystem.",
  "social_accounts":[
  	{
      "type":"website",
      "address":"https://banana.market/"
    },
    {
      "type":"twitter",
      "address":"https://twitter.com/bnansat"
    },
    {
      "type":"medium",
      "address":"https://medium.com/@bnansat"
    },
    {
      "type":"telegram",
      "address":"https://t.me/bnan_market"
    }
  ],
  "chain_info":{
    "id":97,
    "name":"BSCTest"
  },
  "nft_name":"Banana Voucher",
  "expiration_time":
  "cost_token":{
    "name":"ETH",
    "symbol":"ETH"//ETH symbol怎么填写？
  },
  "target_token":{
    "name":"BNAN",
    "symbol":"BNAN"
  },
  "unlock_method":{
    "method":"OneTime Unlock",
    "desc":"OneTime Unlock"
  },
  "start_time":"2023-08-06T20:00:00+00:00",//几点开始
  "end_time":"2024-01-18T20:00:00+00:00",//项目完全时间
}